Model,accuracy,precision,recall,f1,train_time,predict_time
Logistic Regression,0.6335713928981671,0.1621226226891874,0.5403368794326241,0.24941176470588236,10.57784104347229,0.04218935966491699
Decision Tree,0.6491035309394196,0.16884198833657318,0.5390070921985816,0.2571368153943751,242.69025492668152,0.06908392906188965
Random Forest,0.615192528592119,0.15879774577332498,0.5620567375886525,0.24763206718093936,50.373069047927856,0.2007465362548828
Gradient Boosting,0.8871298007291615,0.35714285714285715,0.002216312056737589,0.004405286343612335,217.33197283744812,0.10230398178100586
