Model,accuracy,precision,recall,f1,train_time,predict_time
Logistic Regression,0.6335713928981671,0.1621226226891874,0.5403368794326241,0.24941176470588236,12.264543771743774,0.08052349090576172
Decision Tree,0.8865304899365729,0.34,0.007535460992907801,0.014744145706851692,9.610613584518433,0.11499428749084473
Random Forest,0.5999101033811117,0.15780711142823164,0.588209219858156,0.24885138302859822,65.38396453857422,0.19951701164245605
Gradient Boosting,0.8871298007291615,0.35714285714285715,0.002216312056737589,0.004405286343612335,281.45940113067627,0.17873930931091309
